{
  "project_info": {
    "project_number": "176496795410",
    "firebase_url": "https://unithon-4c1cd-default-rtdb.asia-southeast1.firebasedatabase.app",
    "project_id": "unithon-4c1cd",
    "storage_bucket": "unithon-4c1cd.appspot.com"
  },
  "client": [
    {
      "client_info": {
        "mobilesdk_app_id": "1:176496795410:android:e8b2ced74be149bce71dcb",
        "android_client_info": {
          "package_name": "com.possiblee.kakaologin"
        }
      },
      "oauth_client": [
        {
          "client_id": "176496795410-kb60o1fvfj5l04hmpbcaqg7vi4idoa6h.apps.googleusercontent.com",
          "client_type": 3
        }
      ],
      "api_key": [
        {
          "current_key": "AIzaSyCI2oHLasOTHLNcPb9_aey5aGU7HWhbC8Y"
        }
      ],
      "services": {
        "appinvite_service": {
          "other_platform_oauth_client": [
            {
              "client_id": "176496795410-kb60o1fvfj5l04hmpbcaqg7vi4idoa6h.apps.googleusercontent.com",
              "client_type": 3
            }
          ]
        }
      }
    }
  ],
  "configuration_version": "1"
}