{
  "project_info": {
    "project_number": "787890637586",
    "firebase_url": "https://retroket-177d3-default-rtdb.firebaseio.com",
    "project_id": "retroket-177d3",
    "storage_bucket": "retroket-177d3.appspot.com"
  },
  "client": [
    {
      "client_info": {
        "mobilesdk_app_id": "1:787890637586:android:0266cc4f1c4a09124041cb",
        "android_client_info": {
          "package_name": "com.possiblee.kakaologin"
        }
      },
      "oauth_client": [
        {
          "client_id": "787890637586-n19p18ib8m887n9mi6qsa1a03uacm1tm.apps.googleusercontent.com",
          "client_type": 3
        }
      ],
      "api_key": [
        {
          "current_key": "AIzaSyC2o_T3U6Vj6YwHDtdsuuk8pufcifrTB5g"
        }
      ],
      "services": {
        "appinvite_service": {
          "other_platform_oauth_client": [
            {
              "client_id": "787890637586-n19p18ib8m887n9mi6qsa1a03uacm1tm.apps.googleusercontent.com",
              "client_type": 3
            }
          ]
        }
      }
    }
  ],
  "configuration_version": "1"
}